sku,section_family_banner,section_shape_banner,Material_Primary,Shade_Shape,Fitting_Type,Product_Status
LSFT220BB,Metal Lampshades,Cone,Metal,Cone,Easy Fit,Active
LSFT220BC,Metal Lampshades,Cone,Metal,Cone,Easy Fit,Active
LSFT220BG,Metal Lampshades,Cone,Metal,Cone,Easy Fit,Active
LSFT220BI,Metal Lampshades,Cone,Metal,Cone,Easy Fit,Active
LSFT220BL,Metal Lampshades,Cone,Metal,Cone,Easy Fit,Active
LSFT220BM,Metal Lampshades,Cone,Metal,Cone,Easy Fit,Active
LSFT220BR,Metal Lampshades,Cone,Metal,Cone,Easy Fit,Active
LSFT220BS,Metal Lampshades,Cone,Metal,Cone,Easy Fit,Active
LSFT220BU,Metal Lampshades,Cone,Metal,Cone,Easy Fit,Active
LSFT220BW,Metal Lampshades,Cone,Metal,Cone,Easy Fit,Active
LSFT220BY,Metal Lampshades,Cone,Metal,Cone,Easy Fit,Active
LSFT220CH,Metal Lampshades,Cone,Metal,Cone,Easy Fit,Active
LSFT220CO,Metal Lampshades,Cone,Metal,Cone,Easy Fit,Active
LSFT220FG,Metal Lampshades,Cone,Metal,Cone,Easy Fit,Active
LSFT220GB,Metal Lampshades,Cone,Metal,Cone,Easy Fit,Active
LSFT220GI,Metal Lampshades,Cone,Metal,Cone,Easy Fit,Active
LSFT220GR,Metal Lampshades,Cone,Metal,Cone,Easy Fit,Active
LSFT220GS,Metal Lampshades,Cone,Metal,Cone,Easy Fit,Active
LSFT220GY,Metal Lampshades,Cone,Metal,Cone,Easy Fit,Active
LSFT220NB,Metal Lampshades,Cone,Metal,Cone,Easy Fit,Active
LSFT220OR,Metal Lampshades,Cone,Metal,Cone,Easy Fit,Active
LSFT220PI,Metal Lampshades,Cone,Metal,Cone,Easy Fit,Active
LSFT220RE,Metal Lampshades,Cone,Metal,Cone,Easy Fit,Active
LSFT220RO,Metal Lampshades,Cone,Metal,Cone,Easy Fit,Active
LSFT220RR,Metal Lampshades,Cone,Metal,Cone,Easy Fit,Active
LSFT220SN,Metal Lampshades,Cone,Metal,Cone,Easy Fit,Active
LSFT220WH,Metal Lampshades,Cone,Metal,Cone,Easy Fit,Active
LSFT220YB,Metal Lampshades,Cone,Metal,Cone,Easy Fit,Active
LSFT220YE,Metal Lampshades,Cone,Metal,Cone,Easy Fit,Active
LSFT320BM,Metal Lampshades,Cone,Metal,Cone,Easy Fit,Active
LSFT320DG,Metal Lampshades,Cone,Metal,Cone,Easy Fit,Active
LSFT320GY,Metal Lampshades,Cone,Metal,Cone,Easy Fit,Active
LSFT320OR,Metal Lampshades,Cone,Metal,Cone,Easy Fit,Active
LSFT320WH,Metal Lampshades,Cone,Metal,Cone,Easy Fit,Active
LSFT320YE,Metal Lampshades,Cone,Metal,Cone,Easy Fit,Active
LSHM240BG,Metal Lampshades,Cone,Metal,Cone,Easy Fit,Active
LSLC180BC,Metal Lampshades,Cone,Metal,Cone,Easy Fit,Active
LSLC180BM,Metal Lampshades,Cone,Metal,Cone,Easy Fit,Active
LSLC180BS,Metal Lampshades,Cone,Metal,Cone,Easy Fit,Active
LSLC180RR,Metal Lampshades,Cone,Metal,Cone,Easy Fit,Active
LSOL180BB,Metal Lampshades,Cone,Metal,Cone,Easy Fit,Active
LSOL180BC,Metal Lampshades,Cone,Metal,Cone,Easy Fit,Active
LSOL180BG,Metal Lampshades,Cone,Metal,Cone,Easy Fit,Active
LSOL180BM,Metal Lampshades,Cone,Metal,Cone,Easy Fit,Active
LSOL180BS,Metal Lampshades,Cone,Metal,Cone,Easy Fit,Active
LSOL180RR,Metal Lampshades,Cone,Metal,Cone,Easy Fit,Active
LSOL220CH,Metal Lampshades,Cone,Metal,Cone,[VERIFY],Active
LSOL220CO,Metal Lampshades,Cone,Metal,Cone,Easy Fit,Active
LSOL220GB,Metal Lampshades,Cone,Metal,Cone,Easy Fit,Active
LSOL220RO,Metal Lampshades,Cone,Metal,Cone,Easy Fit,Active
LSOL220SN,Metal Lampshades,Cone,Metal,Cone,Easy Fit,Active
LSOL220YB,Metal Lampshades,Cone,Metal,Cone,Easy Fit,Active
LSHG240BG,Metal Lampshades,Cone,Metal,Cone,[VERIFY],Active
LSFT255BD,Metal Lampshades,Shallow Dome,Metal,Shallow Dome,Pendant Light,Active
LSFT255BI,Metal Lampshades,Shallow Dome,Metal,Shallow Dome,Pendant Light,Active
LSFT255BT,Metal Lampshades,Shallow Dome,Metal,Shallow Dome,Pendant Light,Active
LSFT255CB,Metal Lampshades,Shallow Dome,Metal,Shallow Dome,Pendant Light,Active
LSFT255GR,Metal Lampshades,Shallow Dome,Metal,Shallow Dome,Pendant Light,Active
LSFT255GY,Metal Lampshades,Shallow Dome,Metal,Shallow Dome,Pendant Light,Active
LSFT255RE,Metal Lampshades,Shallow Dome,Metal,Shallow Dome,Pendant Light,Active
LSFT255WH,Metal Lampshades,Shallow Dome,Metal,Shallow Dome,Pendant Light,Active
LSTF290BB,Metal Lampshades,Wide Cone,Metal,Wide Cone,[VERIFY],Active
LSTF400BM,Metal Lampshades,Wide Cone,Metal,Wide Cone,Easy Fit,Active
LSTF400GR,Metal Lampshades,Wide Cone,Metal,Wide Cone,Easy Fit,Active
LSTF400GY,Metal Lampshades,Wide Cone,Metal,Wide Cone,Easy Fit,Active
LSTF400OR,Metal Lampshades,Wide Cone,Metal,Wide Cone,Easy Fit,Active
LSTF400WH,Metal Lampshades,Wide Cone,Metal,Wide Cone,Easy Fit,Active
LSTF400YE,Metal Lampshades,Wide Cone,Metal,Wide Cone,Easy Fit,Active
LSTF40BB,Metal Lampshades,Flat,Metal,Flat,Easy Fit,Active
LSTF40BC,Metal Lampshades,Flat,Metal,Flat,Easy Fit,Active
LSTF40BG,Metal Lampshades,Flat,Metal,Flat,Easy Fit,Active
LSTF40BM,Metal Lampshades,Flat,Metal,Flat,Easy Fit,Active
LSTF40BS,Metal Lampshades,Flat,Metal,Flat,Easy Fit,Active
LSTF40CH,Metal Lampshades,Flat,Metal,Flat,Easy Fit,Active
LSTF40CO,Metal Lampshades,Flat,Metal,Flat,Easy Fit,Active
LSTF40GB,Metal Lampshades,Flat,Metal,Flat,Easy Fit,Active
LSTF40RR,Metal Lampshades,Flat,Metal,Flat,Easy Fit,Active
LSTF40SN,Metal Lampshades,Flat,Metal,Flat,Easy Fit,Active
LSTF40YB,Metal Lampshades,Flat,Metal,Flat,Easy Fit,Active
LSDO210BB,Metal Lampshades,Dome,Metal,Dome,Easy Fit,Active
LSDO210BC,Metal Lampshades,Dome,Metal,Dome,Easy Fit,Active
LSDO210BG,Metal Lampshades,Dome,Metal,Dome,Easy Fit,Active
LSDO210BI,Metal Lampshades,Dome,Metal,Dome,Easy Fit,Active
LSDO210BL,Metal Lampshades,Dome,Metal,Dome,Easy Fit,Active
LSDO210BM,Metal Lampshades,Dome,Metal,Dome,Easy Fit,Active
LSDO210BS,Metal Lampshades,Dome,Metal,Dome,Easy Fit,Active
LSDO210CB,Metal Lampshades,Dome,Metal,Dome,Easy Fit,Active
LSDO210GR,Metal Lampshades,Dome,Metal,Dome,Easy Fit,Active
LSDO210GY,Metal Lampshades,Dome,Metal,Dome,Easy Fit,Active
LSDO210NB,Metal Lampshades,Dome,Metal,Dome,Easy Fit,Active
LSDO210OR,Metal Lampshades,Dome,Metal,Dome,Easy Fit,Active
LSDO210RE,Metal Lampshades,Dome,Metal,Dome,Easy Fit,Active
LSDO210RR,Metal Lampshades,Dome,Metal,Dome,Easy Fit,Active
LSDO210WH,Metal Lampshades,Dome,Metal,Dome,Easy Fit,Active
LSDO210YE,Metal Lampshades,Dome,Metal,Dome,Easy Fit,Active
LSDO300BI,Metal Lampshades,Dome,Metal,Dome,Easy Fit,Active
LSDO300BM,Metal Lampshades,Dome,Metal,Dome,Easy Fit,Active
LSDO300BT,Metal Lampshades,Dome,Metal,Dome,Easy Fit,Active
LSDO300BU,Metal Lampshades,Dome,Metal,Dome,Easy Fit,Active
LSDO300CB,Metal Lampshades,Dome,Metal,Dome,Easy Fit,Active
LSDO300CO,Metal Lampshades,Dome,Metal,Dome,Easy Fit,Active
LSDO300GY,Metal Lampshades,Dome,Metal,Dome,Easy Fit,Active
LSDO300NB,Metal Lampshades,Dome,Metal,Dome,Easy Fit,Active
LSDO300OR,Metal Lampshades,Dome,Metal,Dome,Easy Fit,Active
LSDO300RE,Metal Lampshades,Dome,Metal,Dome,Easy Fit,Active
LSDO300RO,Metal Lampshades,Dome,Metal,Dome,Easy Fit,Active
LSDO300SN,Metal Lampshades,Dome,Metal,Dome,Easy Fit,Active
LSDO300WH,Metal Lampshades,Dome,Metal,Dome,Easy Fit,Active
LSDO300YB,Metal Lampshades,Dome,Metal,Dome,Easy Fit,Active
LSDO300YE,Metal Lampshades,Dome,Metal,Dome,Easy Fit,Active
LSDO400BG,Metal Lampshades,Dome,Metal,Dome,Easy Fit,Active
LSDO400BI,Metal Lampshades,Dome,Metal,Dome,Easy Fit,Active
LSDO400BM,Metal Lampshades,Dome,Metal,Dome,Easy Fit,Active
LSDO400BT,Metal Lampshades,Dome,Metal,Dome,Easy Fit,Active
LSDO400BY,Metal Lampshades,Dome,Metal,Dome,Easy Fit,Active
LSDO400BYI,Metal Lampshades,Dome,Metal,Dome,Easy Fit,Active
LSDO400CB,Metal Lampshades,Dome,Metal,Dome,Easy Fit,Active
LSDO400GY,Metal Lampshades,Dome,Metal,Dome,Easy Fit,Active
LSDO400NB,Metal Lampshades,Dome,Metal,Dome,Easy Fit,Active
LSDO400OR,Metal Lampshades,Dome,Metal,Dome,Easy Fit,Active
LSDO400RE,Metal Lampshades,Dome,Metal,Dome,Easy Fit,Active
LSDO400WH,Metal Lampshades,Dome,Metal,Dome,Easy Fit,Active
LSDO400YE,Metal Lampshades,Dome,Metal,Dome,Easy Fit,Active
LSRH260AZ,Metal Lampshades,Dome,Metal,Dome,N/A,Active
LSRT120AZ,Metal Lampshades,Dome,Metal,Dome,N/A,Active
LSYG120BBM,Metal Lampshades,Dome,Metal,Dome,Easy Fit,Active
LSYG410BI,Metal Lampshades,Dome,Metal,Dome,Easy Fit,Active
LSYG410BM,Metal Lampshades,Dome,Metal,Dome,Easy Fit,Active
LSYG410GY,Metal Lampshades,Dome,Metal,Dome,Easy Fit,Active
LSYG410YE,Metal Lampshades,Dome,Metal,Dome,Easy Fit,Active
LSYGS330BM,Metal Lampshades,Dome,Metal,Dome,Easy Fit,Active
LSHH240BB,Metal Lampshades,Saucer Dome,Metal,Saucer Dome,Easy Fit,Active
LSHH240BC,Metal Lampshades,Saucer Dome,Metal,Saucer Dome,Easy Fit,Active
LSHH240BG,Metal Lampshades,Saucer Dome,Metal,Saucer Dome,Easy Fit,Active
LSHH240BM,Metal Lampshades,Saucer Dome,Metal,Saucer Dome,Easy Fit,Active
LSHH240BS,Metal Lampshades,Saucer Dome,Metal,Saucer Dome,Easy Fit,Active
LSHH240RR,Metal Lampshades,Saucer Dome,Metal,Saucer Dome,Easy Fit,Active
LSTB360YE,Metal Lampshades,Bell,Metal,Bell,N/A,Active
LSBL140RO,Metal Lampshades,Bell,Metal,Bell,N/A,Active
LSBL140SN,Metal Lampshades,Bell,Metal,Bell,N/A,Active
LSRD260AZ,Metal Lampshades,Bell,Metal,Bell,N/A,Active
LSWD360BC,Metal Lampshades,Big Curvey,Metal,Big Curvey,Easy Fit,Active
LSWD360BG,Metal Lampshades,Big Curvey,Metal,Big Curvey,Easy Fit,Active
LSWD360BM,Metal Lampshades,Big Curvey,Metal,Big Curvey,Easy Fit,Active
LSWD360BS,Metal Lampshades,Big Curvey,Metal,Big Curvey,Easy Fit,Active
LSWD360RR,Metal Lampshades,Big Curvey,Metal,Big Curvey,Easy Fit,Active
LSCY210BC,Metal Lampshades,Small Curvey,Metal,Small Curvey,Easy Fit,Active
LSCY210BG,Metal Lampshades,Small Curvey,Metal,Small Curvey,Easy Fit,Active
LSCY210BM,Metal Lampshades,Small Curvey,Metal,Small Curvey,Easy Fit,Active
LSCY210BS,Metal Lampshades,Small Curvey,Metal,Small Curvey,Easy Fit,Active
LSCY210RR,Metal Lampshades,Small Curvey,Metal,Small Curvey,Easy Fit,Active
LSCY290AA,Metal Lampshades,Curvey,Metal,Curvey,Easy Fit,Active
LSCY290AT,Metal Lampshades,Curvey,Metal,Curvey,Easy Fit,Active
LSCY290BB,Metal Lampshades,Curvey,Metal,Curvey,Easy Fit,Active
LSCY290BC,Metal Lampshades,Curvey,Metal,Curvey,Easy Fit,Active
LSCY290BG,Metal Lampshades,Curvey,Metal,Curvey,Easy Fit,Active
LSCY290BI,Metal Lampshades,Curvey,Metal,Curvey,Easy Fit,Active
LSCY290BL,Metal Lampshades,Curvey,Metal,Curvey,Easy Fit,Active
LSCY290BM,Metal Lampshades,Curvey,Metal,Curvey,Easy Fit,Active
LSCY290BS,Metal Lampshades,Curvey,Metal,Curvey,Easy Fit,Active
LSCY290BT,Metal Lampshades,Curvey,Metal,Curvey,Easy Fit,Active
LSCY290BU,Metal Lampshades,Curvey,Metal,Curvey,Easy Fit,Active
LSCY290CB,Metal Lampshades,Curvey,Metal,Curvey,Easy Fit,Active
LSCY290CH,Metal Lampshades,Curvey,Metal,Curvey,Easy Fit,Active
LSCY290CO,Metal Lampshades,Curvey,Metal,Curvey,Easy Fit,Active
LSCY290CY,Metal Lampshades,Curvey,Metal,Curvey,Easy Fit,Active
LSCY290DBI,Metal Lampshades,Curvey,Metal,Curvey,Easy Fit,Active
LSCY290DBT,Metal Lampshades,Curvey,Metal,Curvey,Easy Fit,Active
LSCY290DBU,Metal Lampshades,Curvey,Metal,Curvey,Easy Fit,Active
LSCY290DCB,Metal Lampshades,Curvey,Metal,Curvey,Easy Fit,Active
LSCY290DGD,Metal Lampshades,Curvey,Metal,Curvey,Easy Fit,Active
LSCY290DGR,Metal Lampshades,Curvey,Metal,Curvey,Easy Fit,Active
LSCY290DGY,Metal Lampshades,Curvey,Metal,Curvey,Easy Fit,Active
LSCY290DNB,Metal Lampshades,Curvey,Metal,Curvey,Easy Fit,Active
LSCY290DOR,Metal Lampshades,Curvey,Metal,Curvey,Easy Fit,Active
LSCY290DRE,Metal Lampshades,Curvey,Metal,Curvey,Easy Fit,Active
LSCY290DWH,Metal Lampshades,Curvey,Metal,Curvey,Easy Fit,Active
LSCY290DYE,Metal Lampshades,Curvey,Metal,Curvey,Easy Fit,Active
LSCY290GB,Metal Lampshades,Curvey,Metal,Curvey,Easy Fit,Active
LSCY290GC,Metal Lampshades,Curvey,Metal,Curvey,Easy Fit,Active
LSCY290GR,Metal Lampshades,Curvey,Metal,Curvey,Easy Fit,Active
LSCY290GY,Metal Lampshades,Curvey,Metal,Curvey,Easy Fit,Active
LSCY290NB,Metal Lampshades,Curvey,Metal,Curvey,Easy Fit,Active
LSCY290OR,Metal Lampshades,Curvey,Metal,Curvey,Easy Fit,Active
LSCY290RE,Metal Lampshades,Curvey,Metal,Curvey,Easy Fit,Active
LSCY290RO,Metal Lampshades,Curvey,Metal,Curvey,Easy Fit,Active
LSCY290RR,Metal Lampshades,Curvey,Metal,Curvey,Easy Fit,Active
LSCY290SN,Metal Lampshades,Curvey,Metal,Curvey,Easy Fit,Active
LSCY290WH,Metal Lampshades,Curvey,Metal,Curvey,Easy Fit,Active
LSCY290YB,Metal Lampshades,Curvey,Metal,Curvey,Easy Fit,Active
LSCY290YE,Metal Lampshades,Curvey,Metal,Curvey,Easy Fit,Active
LSDM220CH,Metal Lampshades,Bowel,Metal,Bowel,Easy Fit,Active
LSDM220CO,Metal Lampshades,Bowel,Metal,Bowel,Easy Fit,Active
LSDM220FG,Metal Lampshades,Bowel,Metal,Bowel,Easy Fit,Active
LSDM220GB,Metal Lampshades,Bowel,Metal,Bowel,Easy Fit,Active
LSDM220GS,Metal Lampshades,Bowel,Metal,Bowel,Easy Fit,Active
LSDM220RO,Metal Lampshades,Bowel,Metal,Bowel,Easy Fit,Active
LSDM220SN,Metal Lampshades,Bowel,Metal,Bowel,Easy Fit,Active
LSDM220YB,Metal Lampshades,Bowel,Metal,Bowel,Easy Fit,Active
LSLT360BC,Metal Lampshades,Bowel,Metal,Bowel,Easy Fit,Active
LSLT360BI,Metal Lampshades,Bowel,Metal,Bowel,Easy Fit,Active
LSLT360BM,Metal Lampshades,Bowel,Metal,Bowel,Easy Fit,Active
LSLT360BS,Metal Lampshades,Bowel,Metal,Bowel,Easy Fit,Active
LSLT360BT,Metal Lampshades,Bowel,Metal,Bowel,Easy Fit,Active
LSLT360BU,Metal Lampshades,Bowel,Metal,Bowel,Easy Fit,Active
LSLT360BY,Metal Lampshades,Bowel,Metal,Bowel,Easy Fit,Active
LSLT360CB,Metal Lampshades,Bowel,Metal,Bowel,Easy Fit,Active
LSLT360GR,Metal Lampshades,Bowel,Metal,Bowel,Easy Fit,Active
LSLT360GY,Metal Lampshades,Bowel,Metal,Bowel,Easy Fit,Active
LSLT360NB,Metal Lampshades,Bowel,Metal,Bowel,Easy Fit,Active
LSLT360OR,Metal Lampshades,Bowel,Metal,Bowel,Easy Fit,Active
LSLT360RE,Metal Lampshades,Bowel,Metal,Bowel,Easy Fit,Active
LSLT360RR,Metal Lampshades,Bowel,Metal,Bowel,Easy Fit,Active
LSLT360WH,Metal Lampshades,Bowel,Metal,Bowel,Easy Fit,Active
LSLT360YE,Metal Lampshades,Bowel,Metal,Bowel,Easy Fit,Active
LSTL260BB,Metal Lampshades,Bowel,Metal,Bowel,Easy Fit,Active
LSTL260BC,Metal Lampshades,Bowel,Metal,Bowel,Easy Fit,Active
LSTL260BG,Metal Lampshades,Bowel,Metal,Bowel,Easy Fit,Active
LSTL260BI,Metal Lampshades,Bowel,Metal,Bowel,Easy Fit,Active
LSTL260BM,Metal Lampshades,Bowel,Metal,Bowel,Easy Fit,Active
LSTL260BS,Metal Lampshades,Bowel,Metal,Bowel,Easy Fit,Active
LSTL260RR,Metal Lampshades,Bowel,Metal,Bowel,Easy Fit,Active
LSSC315BI,Metal Lampshades,Barn Slot,Metal,Barn Slot,Easy Fit,Active
LSSC315GR,Metal Lampshades,Barn Slot,Metal,Barn Slot,Easy Fit,Active
LSSC315GY,Metal Lampshades,Barn Slot,Metal,Barn Slot,Easy Fit,Active
LSSC315OR,Metal Lampshades,Barn Slot,Metal,Barn Slot,Easy Fit,Active
LSSC315RE,Metal Lampshades,Barn Slot,Metal,Barn Slot,Easy Fit,Active
LSSS300BB,Metal Lampshades,Barn Slot,Metal,Barn Slot,Easy Fit,Active
LSSS300BC,Metal Lampshades,Barn Slot,Metal,Barn Slot,Easy Fit,Active
LSSS300BG,Metal Lampshades,Barn Slot,Metal,Barn Slot,Easy Fit,Active
LSSS300BI,Metal Lampshades,Barn Slot,Metal,Barn Slot,Easy Fit,Active
LSSS300BL,Metal Lampshades,Barn Slot,Metal,Barn Slot,Easy Fit,Active
LSSS300BM,Metal Lampshades,Barn Slot,Metal,Barn Slot,Easy Fit,Active
LSSS300BS,Metal Lampshades,Barn Slot,Metal,Barn Slot,Easy Fit,Active
LSSS300CH,Metal Lampshades,Barn Slot,Metal,Barn Slot,Easy Fit,Active
LSSS300CO,Metal Lampshades,Barn Slot,Metal,Barn Slot,Easy Fit,Active
LSSS300GB,Metal Lampshades,Barn Slot,Metal,Barn Slot,Easy Fit,Active
LSSS300GR,Metal Lampshades,Barn Slot,Metal,Barn Slot,Easy Fit,Active
LSSS300GY,Metal Lampshades,Barn Slot,Metal,Barn Slot,Easy Fit,Active
LSSS300NB,Metal Lampshades,Barn Slot,Metal,Barn Slot,Easy Fit,Active
LSSS300OR,Metal Lampshades,Barn Slot,Metal,Barn Slot,Easy Fit,Active
LSSS300PI,Metal Lampshades,Barn Slot,Metal,Barn Slot,Easy Fit,Active
LSSS300RE,Metal Lampshades,Barn Slot,Metal,Barn Slot,Easy Fit,Active
LSSS300RO,Metal Lampshades,Barn Slot,Metal,Barn Slot,Easy Fit,Active
LSSS300RR,Metal Lampshades,Barn Slot,Metal,Barn Slot,Easy Fit,Active
LSSS300SN,Metal Lampshades,Barn Slot,Metal,Barn Slot,Easy Fit,Active
LSSS300WH,Metal Lampshades,Barn Slot,Metal,Barn Slot,Easy Fit,Active
LSSS300YB,Metal Lampshades,Barn Slot,Metal,Barn Slot,Easy Fit,Active
LSSS300YE,Metal Lampshades,Barn Slot,Metal,Barn Slot,Easy Fit,Active
LSWE315BL,Metal Lampshades,Mosque,Metal,Mosque,N/A,Active
LSWE315BM,Metal Lampshades,Mosque,Metal,Mosque,N/A,Active
LSWE315BU,Metal Lampshades,Mosque,Metal,Mosque,N/A,Active
LSWE315BY,Metal Lampshades,Mosque,Metal,Mosque,N/A,Active
LSWE315GR,Metal Lampshades,Mosque,Metal,Mosque,N/A,Active
LSWE315GY,Metal Lampshades,Mosque,Metal,Mosque,N/A,Active
LSWE315OR,Metal Lampshades,Mosque,Metal,Mosque,N/A,Active
LSWE315WH,Metal Lampshades,Mosque,Metal,Mosque,N/A,Active
LSWE315YE,Metal Lampshades,Mosque,Metal,Mosque,N/A,Active
LSHQ150BL,Metal Lampshades,Half Round,Metal,Half Round,Easy Fit,Active
LSHQ150BM,Metal Lampshades,Half Round,Metal,Half Round,Easy Fit,Active
LSHQ150BU,Metal Lampshades,Half Round,Metal,Half Round,Easy Fit,Active
LSHQ150BY,Metal Lampshades,Half Round,Metal,Half Round,Easy Fit,Active
LSHQ150CB,Metal Lampshades,Half Round,Metal,Half Round,Easy Fit,Active
LSHQ150GR,Metal Lampshades,Half Round,Metal,Half Round,Easy Fit,Active
LSHQ150GY,Metal Lampshades,Half Round,Metal,Half Round,Easy Fit,Active
LSHQ150OR,Metal Lampshades,Half Round,Metal,Half Round,Easy Fit,Active
LSHQ150PI,Metal Lampshades,Half Round,Metal,Half Round,Easy Fit,Active
LSHQ150RE,Metal Lampshades,Half Round,Metal,Half Round,Easy Fit,Active
LSHQ150WH,Metal Lampshades,Half Round,Metal,Half Round,Easy Fit,Active
LSHQ150YE,Metal Lampshades,Half Round,Metal,Half Round,Easy Fit,Active
LSHQ160BC,Metal Lampshades,Mug / Bell Shade,Metal,Mug / Bell Shade,Easy Fit,Active
LSHQ160BS,Metal Lampshades,Mug / Bell Shade,Metal,Mug / Bell Shade,Easy Fit,Active
LSHQ180BC,Metal Lampshades,Mug / Bell Shade,Metal,Mug / Bell Shade,Easy Fit,Active
LSHQ180BG,Metal Lampshades,Mug / Bell Shade,Metal,Mug / Bell Shade,Easy Fit,Active
LSHQ180BM,Metal Lampshades,Mug / Bell Shade,Metal,Mug / Bell Shade,Easy Fit,Active
LSHQ180BS,Metal Lampshades,Mug / Bell Shade,Metal,Mug / Bell Shade,Easy Fit,Active
LSBS160BL,Metal Lampshades,Teardrop,Metal,Teardrop,N/A,Active
LSBS160BM,Metal Lampshades,Teardrop,Metal,Teardrop,N/A,Active
LSBS160BU,Metal Lampshades,Teardrop,Metal,Teardrop,N/A,Active
LSBS160GR,Metal Lampshades,Teardrop,Metal,Teardrop,N/A,Active
LSBS160GY,Metal Lampshades,Teardrop,Metal,Teardrop,N/A,Active
LSBS160NB,Metal Lampshades,Teardrop,Metal,Teardrop,N/A,Active
LSBS160OR,Metal Lampshades,Teardrop,Metal,Teardrop,N/A,Active
LSBS160RE,Metal Lampshades,Teardrop,Metal,Teardrop,N/A,Active
LSBS160WH,Metal Lampshades,Teardrop,Metal,Teardrop,N/A,Active
LSBS160YE,Metal Lampshades,Teardrop,Metal,Teardrop,N/A,Active
LSDT130BM,Metal Lampshades,Teardrop,Metal,Teardrop,N/A,Active
LSDW100WH,Metal Lampshades,Teardrop,Metal,Teardrop,N/A,Active
LSWB135BM,Metal Lampshades,Teardrop,Metal,Teardrop,N/A,Active
LSMS320BG,Metal Lampshades,Temple Dome,Metal,Temple Dome,Easy Fit,Active
LSMS320BI,Metal Lampshades,Temple Dome,Metal,Temple Dome,Easy Fit,Active
LSMS320BM,Metal Lampshades,Temple Dome,Metal,Temple Dome,Easy Fit,Active
LSMS320BT,Metal Lampshades,Temple Dome,Metal,Temple Dome,Easy Fit,Active
LSMS320BU,Metal Lampshades,Temple Dome,Metal,Temple Dome,Easy Fit,Active
LSMS320CB,Metal Lampshades,Temple Dome,Metal,Temple Dome,Easy Fit,Active
LSMS320GR,Metal Lampshades,Temple Dome,Metal,Temple Dome,Easy Fit,Active
LSMS320GY,Metal Lampshades,Temple Dome,Metal,Temple Dome,Easy Fit,Active
LSMS320NB,Metal Lampshades,Temple Dome,Metal,Temple Dome,Easy Fit,Active
LSMS320OR,Metal Lampshades,Temple Dome,Metal,Temple Dome,Easy Fit,Active
LSMS320RE,Metal Lampshades,Temple Dome,Metal,Temple Dome,Easy Fit,Active
LSMS320WH,Metal Lampshades,Temple Dome,Metal,Temple Dome,Easy Fit,Active
LSMS320YE,Metal Lampshades,Temple Dome,Metal,Temple Dome,Easy Fit,Active
LSTM310BM,Metal Lampshades,Temple Dome,Metal,Temple Dome,Easy Fit,Active
LSTM320BW,Metal Lampshades,Temple Dome,Metal,Temple Dome,Easy Fit,Active
LSTM320GR,Metal Lampshades,Temple Dome,Metal,Temple Dome,Easy Fit,Active
LSCO335BM,Metal Lampshades,Wide / Truncated Cone,Metal,Wide / Truncated Cone,Easy Fit,Active
LSCO335DG,Metal Lampshades,Wide / Truncated Cone,Metal,Wide / Truncated Cone,Easy Fit,Active
LSCO335GY,Metal Lampshades,Wide / Truncated Cone,Metal,Wide / Truncated Cone,Easy Fit,Active
LSCO335OR,Metal Lampshades,Wide / Truncated Cone,Metal,Wide / Truncated Cone,Easy Fit,Active
LSCO335WH,Metal Lampshades,Wide / Truncated Cone,Metal,Wide / Truncated Cone,Easy Fit,Active
LSCO335YE,Metal Lampshades,Wide / Truncated Cone,Metal,Wide / Truncated Cone,Easy Fit,Active
LSCO360BM,Metal Lampshades,Wide / Truncated Cone,Metal,Wide / Truncated Cone,Easy Fit,Active
LSCO360DG,Metal Lampshades,Wide / Truncated Cone,Metal,Wide / Truncated Cone,Easy Fit,Active
LSCO360GY,Metal Lampshades,Wide / Truncated Cone,Metal,Wide / Truncated Cone,Easy Fit,Active
LSCO360OR,Metal Lampshades,Wide / Truncated Cone,Metal,Wide / Truncated Cone,Easy Fit,Active
LSCO360WH,Metal Lampshades,Wide / Truncated Cone,Metal,Wide / Truncated Cone,Easy Fit,Active
LSCO360YE,Metal Lampshades,Wide / Truncated Cone,Metal,Wide / Truncated Cone,Easy Fit,Active
LSCP150BA,Metal Lampshades,Mug,Metal,Mug,Easy Fit,Active
LSCP150BD,Metal Lampshades,Mug,Metal,Mug,Easy Fit,Active
LSCP150BL,Metal Lampshades,Mug,Metal,Mug,Easy Fit,Active
LSCP150BU,Metal Lampshades,Mug,Metal,Mug,Easy Fit,Active
LSCP150GR,Metal Lampshades,Mug,Metal,Mug,Easy Fit,Active
LSCP150GY,Metal Lampshades,Mug,Metal,Mug,Easy Fit,Active
LSCP150OR,Metal Lampshades,Mug,Metal,Mug,Easy Fit,Active
LSCP150PI,Metal Lampshades,Mug,Metal,Mug,Easy Fit,Active
LSCP150RE,Metal Lampshades,Mug,Metal,Mug,Easy Fit,Active
LSCP150YE,Metal Lampshades,Mug,Metal,Mug,Easy Fit,Active
LSEL400BM,Metal Lampshades,Pluto,Metal,Pluto,Easy Fit,Active
LSEL400GR,Metal Lampshades,Pluto,Metal,Pluto,Easy Fit,Active
LSEL400GY,Metal Lampshades,Pluto,Metal,Pluto,Easy Fit,Active
LSEL400OR,Metal Lampshades,Pluto,Metal,Pluto,Easy Fit,Active
LSEL400WH,Metal Lampshades,Pluto,Metal,Pluto,Easy Fit,Active
LSEL400YE,Metal Lampshades,Pluto,Metal,Pluto,Easy Fit,Active
LSRP260CH,Metal Lampshades,Fluted / Hammered Dome,Metal,Fluted / Hammered Dome,Easy Fit,Active
LSRP260CO,Metal Lampshades,Fluted / Hammered Dome,Metal,Fluted / Hammered Dome,Easy Fit,Active
LSRP260GB,Metal Lampshades,Fluted / Hammered Dome,Metal,Fluted / Hammered Dome,Easy Fit,Active
LSRP260SN,Metal Lampshades,Fluted / Hammered Dome,Metal,Fluted / Hammered Dome,Easy Fit,Active
LSRP260YB,Metal Lampshades,Fluted / Hammered Dome,Metal,Fluted / Hammered Dome,Easy Fit,Active
LSUL220BB,Metal Lampshades,Umbrella,Metal,Umbrella,Easy Fit,Active
LSUL220BC,Metal Lampshades,Umbrella,Metal,Umbrella,Easy Fit,Active
LSUL220BM,Metal Lampshades,Umbrella,Metal,Umbrella,Easy Fit,Active
LSUL220BS,Metal Lampshades,Umbrella,Metal,Umbrella,Easy Fit,Active
LSUL220RR,Metal Lampshades,Umbrella,Metal,Umbrella,Easy Fit,Active
LSWT300BC,Metal Lampshades,Wagon Wheel,Metal,Wagon Wheel,Ceiling Mounted,Active
LSWT300BM,Metal Lampshades,Wagon Wheel,Metal,Wagon Wheel,Ceiling Mounted,Active
LSWT300BS,Metal Lampshades,Wagon Wheel,Metal,Wagon Wheel,Ceiling Mounted,Active
LSWT300RR,Metal Lampshades,Wagon Wheel,Metal,Wagon Wheel,Ceiling Mounted,Active
LSHL350LG,Metal Lampshades,Deep Dome,Metal,Deep Dome,Easy Fit,Active
LSST260BM,Metal Lampshades,Deep Dome,Metal,Deep Dome,Easy Fit,Active
LSACY195BG,Metal Lampshades,Deep Dome,Metal,Deep Dome,N/A,Active
LSAFT200BG,Metal Lampshades,Necked Cone,Metal,Necked Cone,N/A,Active
LSAHQS150BG,Metal Lampshades,Necked Dome,Metal,Necked Dome,N/A,Active
LSCY1C12FG,Glass Lampshades,Curvy / Dome,Glass,Curvy / Dome,Pendant Light,Active
LSGLBG130WH,Glass Lampshades,Bell,Glass,Bell,Easy Fit,Active
LSGLBH150WS,Glass Lampshades,Bell,Glass,Bell,Easy Fit,Active
LSGLBH300WS,Glass Lampshades,Bell,Glass,Bell,Easy Fit,Active
LSGLBT200PU,Glass Lampshades,Bell,Glass,Bell,Easy Fit,Active
LSGLBP120BM,Glass Lampshades,Bell / Floral,Glass,Bell / Floral,Easy Fit,Active
LSGLBP120CO,Glass Lampshades,Bell / Floral,Glass,Bell / Floral,Easy Fit,Active
LSGL100145BL,Glass Lampshades,Bell Jar,Glass,Bell Jar,Easy Fit,Active
LSGL10014AR,Glass Lampshades,Bell Jar,Glass,Bell Jar,Easy Fit,Active
LSGL12010FC,Glass Lampshades,Bell Jar,Glass,Bell Jar,Easy Fit,Active
LSGL12010FW,Glass Lampshades,Bell Jar,Glass,Bell Jar,Easy Fit,Active
LSGL14023SG,Glass Lampshades,Bell Jar,Glass,Bell Jar,Easy Fit,Active
LSGLBG145AR,Glass Lampshades,Bell Jar,Glass,Bell Jar,Easy Fit,Active
LSGLWA140AR,Glass Lampshades,Bell Jar,Glass,Bell Jar,Easy Fit,Active
LSGL14013AR,Glass Lampshades,Bell Jar,Glass,Bell Jar,Easy Fit,Active
LSGLWA140AR,Glass Lampshades,Bell Jar,Glass,Bell Jar,Easy Fit,Active
LSGL12010AR,Glass Lampshades,Cylinder,Glass,Cylinder,Easy Fit,Active
LSGL1275CL,Glass Lampshades,Cylinder,Glass,Cylinder,Easy Fit,Active
LSGL14010CL,Glass Lampshades,Cylinder,Glass,Cylinder,Easy Fit,Active
LSGL10014CL,Glass Lampshades,Cylinder,Glass,Cylinder,Easy Fit,Active
LSGL15014CL,Glass Lampshades,Cylinder,Glass,Cylinder,Easy Fit,Active
LSGL6016CL,Glass Lampshades,Cylinder,Glass,Cylinder,Easy Fit,Active
LSGL606CL,Glass Lampshades,Cylinder,Glass,Cylinder,Easy Fit,Active
LSGL9015BM,Glass Lampshades,Cylinder,Glass,Cylinder,Easy Fit,Active
LSGL9015CL,Glass Lampshades,Cylinder,Glass,Cylinder,Easy Fit,Active
LSGL9015GY,Glass Lampshades,Cylinder,Glass,Cylinder,Easy Fit,Active
LSGL9015WH,Glass Lampshades,Cylinder,Glass,Cylinder,Easy Fit,Active
LSGLTNAR,Glass Lampshades,Cylinder,Glass,Cylinder,Easy Fit,Active
LSGLULCL,Glass Lampshades,Cylinder,Glass,Cylinder,Easy Fit,Active
LSGL3L150AR,Glass Lampshades,Stripped,Glass,Stripped,Easy Fit,Active
LSGLULSG,Glass Lampshades,Stripped,Glass,Stripped,Easy Fit,Active
LSGLCP120SY,Glass Lampshades,Stripped,Glass,Stripped,Easy Fit,Active
LSGLULAR,Glass Lampshades,Stripped,Glass,Stripped,Easy Fit,Active
LSMCBESBRE,Glass Lampshades,Bell shape,Glass,Bell shape,Easy Fit,Active
LSGLFP245BL,Glass Lampshades,Bowl,Glass,Bowl,Easy Fit,Active
LSGLFP245BR,Glass Lampshades,Bowl,Glass,Bowl,Easy Fit,Active
LSGLFP245GR,Glass Lampshades,Bowl,Glass,Bowl,Easy Fit,Active
LSGLFP245PU,Glass Lampshades,Bowl,Glass,Bowl,Easy Fit,Active
LSCG185AR,Glass Lampshades,Cone,Glass,Cone,Easy Fit,Active
LSPG250AR,Glass Lampshades,Cone,Glass,Cone,Easy Fit,Active
LSBG136AR,Glass Lampshades,Cylinder Dome,Glass,Cylinder Dome,Easy Fit,Active
LSGLCY100BM,Glass Lampshades,Cylinder Dome,Glass,Cylinder Dome,Easy Fit,Active
LSGLCY120CO,Glass Lampshades,Cylinder Dome,Glass,Cylinder Dome,Easy Fit,Active
LSGLLF170AR,Glass Lampshades,Decorative Bell,Glass,Decorative Bell,Easy Fit,Active
LSGLSC115AR,Glass Lampshades,Decorative Bell,Glass,Decorative Bell,Easy Fit,Active
LSGLSC1508CL,Glass Lampshades,Decorative Bell,Glass,Decorative Bell,Easy Fit,Active
LSGLWB125TN,Glass Lampshades,Decorative Bell,Glass,Decorative Bell,Easy Fit,Active
LSMCSQWYBL,Glass Lampshades,Decorative Glass Lampshade,Glass,Decorative Glass Lampshade,Easy Fit,Active
LSMCSQWYRE,Glass Lampshades,Decorative Glass Lampshade,Glass,Decorative Glass Lampshade,Easy Fit,Active
LSGLWM200YC,Glass Lampshades,Dome,Glass,Dome,Easy Fit,Active
LSGLWS180YC,Glass Lampshades,Dome,Glass,Dome,Easy Fit,Active
LSGLBC160AR,Glass Lampshades,Faceted Bell,Glass,Faceted Bell,Easy Fit,Active
LSFG210AR,Glass Lampshades,Flat,Glass,Flat,Easy Fit,Active
LSGG200AR,Glass Lampshades,Globe,Glass,Globe,Easy Fit,Active
LSGLBC150CO,Glass Lampshades,Globe,Glass,Globe,Easy Fit,Active
LSGLBP150CO,Glass Lampshades,Globe,Glass,Globe,Easy Fit,Active
LSGLSC150BM,Glass Lampshades,Globe,Glass,Globe,Easy Fit,Active
LSGLFE150WH,Glass Lampshades,Globe,Glass,Globe,Easy Fit,Active
LSMCSPDRFL,Glass Lampshades,Globe Shape,Glass,Globe Shape,Easy Fit,Active
LSMCSPDRMC,Glass Lampshades,Globe Shape,Glass,Globe Shape,Easy Fit,Active
LSMCSPFLMC,Glass Lampshades,Globe Shape,Glass,Globe Shape,Easy Fit,Active
LSMCSPMSMC,Glass Lampshades,Globe Shape,Glass,Globe Shape,Easy Fit,Active
LSMCSPSQMC,Glass Lampshades,Globe Shape,Glass,Globe Shape,Easy Fit,Active
LSGLDC160AS,Glass Lampshades,Tapered Cone,Glass,Tapered Cone,Easy Fit,Active
LSGD280AR,Glass Lampshades,Temple- Dome,Glass,Temple- Dome,Easy Fit,Active
LSGLLN14020AR,Glass Lampshades,Lantern,Glass,Lantern,Easy Fit,Active
LSGLLN150AR,Glass Lampshades,Lantern,Glass,Lantern,Easy Fit,Active
LSGLST148AR,Glass Lampshades,Striped,Glass,Striped,Easy Fit,Active
LSGLST150AR,Glass Lampshades,Striped,Glass,Striped,Easy Fit,Active
LSGLST1618AR,Glass Lampshades,Striped,Glass,Striped,Easy Fit,Active
LSGLFL140AR,Glass Lampshades,Flower Shape,Glass,Flower Shape,Easy Fit,Active
LSGLCA16015AR,Glass Lampshades,Shape Pending Confirmation,Glass,Striped,Easy Fit,Active
LSGLWD150AR,Glass Lampshades,Shape Pending Confirmation,Glass,Globe,Easy Fit,Draft
LSCYRO120BM,Crystal Glass Lampshades,Drum,Crystal Glass,Drum,Easy Fit,Active
LSCYRO120GD,Crystal Glass Lampshades,Drum,Crystal Glass,Drum,Easy Fit,Active
LSCYRO120WH,Crystal Glass Lampshades,Drum,Crystal Glass,Drum,Easy Fit,Active
LSCYRO200BM,Crystal Glass Lampshades,Drum,Crystal Glass,Drum,Easy Fit,Active
LSCYRO200GD,Crystal Glass Lampshades,Drum,Crystal Glass,Drum,Easy Fit,Active
LSCYRO200WH,Crystal Glass Lampshades,Drum,Crystal Glass,Drum,Easy Fit,Active
LSCYRO300BM,Crystal Glass Lampshades,Drum,Crystal Glass,Drum,Easy Fit,Active
LSCYRO300GD,Crystal Glass Lampshades,Drum,Crystal Glass,Drum,Easy Fit,Active
LSCYRO300WH,Crystal Glass Lampshades,Drum,Crystal Glass,Drum,Easy Fit,Active
LSFC160BT,Fabric Lampshades,Tapered Drum,Fabric,Tapered Drum,Easy Fit,Active
LSFC160BU,Fabric Lampshades,Tapered Drum,Fabric,Tapered Drum,Easy Fit,Active
LSFC160OW,Fabric Lampshades,Tapered Drum,Fabric,Tapered Drum,Easy Fit,Active
LSFC220GD,Fabric Lampshades,Tapered Drum,Fabric,Tapered Drum,Easy Fit,Active
LSFC280AS,Fabric Lampshades,Tapered Drum,Fabric,Tapered Drum,Easy Fit,Active
LSFC280BT,Fabric Lampshades,Tapered Drum,Fabric,Tapered Drum,Easy Fit,Active
LSFC280GT,Fabric Lampshades,Tapered Drum,Fabric,Tapered Drum,Easy Fit,Active
LSFC280SY,Fabric Lampshades,Tapered Drum,Fabric,Tapered Drum,Easy Fit,Active
LSFC280WH,Fabric Lampshades,Tapered Drum,Fabric,Tapered Drum,Easy Fit,Active
LSFC300BG,Fabric Lampshades,Tapered Drum,Fabric,Tapered Drum,Easy Fit,Active
LSFC300OW,Fabric Lampshades,Tapered Drum,Fabric,Tapered Drum,Easy Fit,Active
LSFC300TP,Fabric Lampshades,Tapered Drum,Fabric,Tapered Drum,Easy Fit,Active
LSFC300YP,Fabric Lampshades,Tapered Drum,Fabric,Tapered Drum,Easy Fit,Active
LSH3325HE,Natural Rope-Rattan Lampshades,Dome,Natural Rope,Dome,Easy Fit,Active
LSHB310HE,Natural Rope-Rattan Lampshades,Dome,Natural Rope,Dome,Easy Fit,Active
LSHI410HE,Natural Rope-Rattan Lampshades,Dome,Natural Rope,Dome,Easy Fit,Active
LSHM300HE,Natural Rope-Rattan Lampshades,Dome,Natural Rope,Dome,Easy Fit,Active
LSHM400HE,Natural Rope-Rattan Lampshades,Dome,Natural Rope,Dome,Easy Fit,Active
